there,Unavailable
which,Unavailable
about,Unavailable
susan,Unavailable
would,Unavailable
their,Unavailable
could,Unavailable
other,Unavailable
where,Unavailable
right,Unavailable
never,Unavailable
first,Unavailable
still,Unavailable
going,Unavailable
after,Unavailable
think,Unavailable
black,Unavailable
these,Unavailable
every,Unavailable
began,Unavailable
front,Unavailable
found,Unavailable
fache,Available
voice,Unavailable
three,Unavailable
thing,Unavailable
being,Unavailable
until,Unavailable
might,Unavailable
under,Unavailable
small,Unavailable
oasis,Unavailable
those,Unavailable
heard,Unavailable
place,Unavailable
world,Unavailable
silas,Unavailable
while,Unavailable
looks,Unavailable
years,Unavailable
tried,Unavailable
stood,Unavailable
grail,Unavailable
floor,Unavailable
light,Unavailable
large,Unavailable
phone,Unavailable
sound,Unavailable
jabba,Unavailable
since,Unavailable
whole,Unavailable
raven,Unavailable
above,Unavailable
maybe,Unavailable
words,Unavailable
doing,Unavailable
white,Unavailable
along,Unavailable
david,Unavailable
power,Unavailable
again,Unavailable
hands,Unavailable
shoto,Unavailable
uncle,Unavailable
glass,Unavailable
human,Unavailable
woman,Unavailable
known,Unavailable
knows,Unavailable
makes,Unavailable
hours,Unavailable
moved,Unavailable
young,Unavailable
shook,Unavailable
final,Unavailable
great,Unavailable
point,Unavailable
night,Unavailable
stone,Unavailable
comes,Unavailable
midge,Unavailable
doors,Unavailable
using,Unavailable
leave,Unavailable
turns,Unavailable
piece,Unavailable
taken,Unavailable
empty,Unavailable
clear,Unavailable
agent,Unavailable
later,Unavailable
dozen,Unavailable
house,Unavailable
given,Unavailable
quite,Unavailable
least,Unavailable
sixer,Unavailable
spent,Unavailable
north,Unavailable
metal,Unavailable
gazed,Available
third,Unavailable
seems,Unavailable
early,Unavailable
sense,Unavailable
below,Unavailable
reach,Unavailable
money,Unavailable
heart,Unavailable
close,Unavailable
water,Unavailable
giant,Unavailable
break,Unavailable
asked,Unavailable
speak,Unavailable
grand,Unavailable
video,Unavailable
image,Unavailable
start,Unavailable
story,Unavailable
times,Unavailable
jesus,Unavailable
blood,Unavailable
stuff,Unavailable
sword,Unavailable
means,Unavailable
takes,Unavailable
space,Unavailable
enter,Unavailable
heavy,Unavailable
pizza,Unavailable
short,Unavailable
miles,Unavailable
spoke,Unavailable
lines,Unavailable
watch,Unavailable
bring,Unavailable
leigh,Unavailable
named,Unavailable
truth,Unavailable
magic,Unavailable
often,Unavailable
steel,Unavailable
vinci,Unavailable
order,Unavailable
score,Unavailable
table,Unavailable
wrote,Unavailable
daito,Unavailable
built,Unavailable
force,Unavailable
wants,Unavailable
field,Unavailable
level,Unavailable
alone,Unavailable
ensei,Unavailable
write,Unavailable
jason,Unavailable
eliot,Unavailable
south,Unavailable
stand,Unavailable
green,Unavailable
games,Unavailable
lagos,Unavailable
neveu,Available
major,Unavailable
check,Unavailable
guard,Unavailable
truck,Unavailable
quest,Unavailable
drive,Unavailable
pulls,Available
meant,Unavailable
trust,Unavailable
walls,Unavailable
thick,Unavailable
paris,Unavailable
quick,Unavailable
virus,Unavailable
guess,Unavailable
whose,Unavailable
speed,Unavailable
exact,Unavailable
among,Unavailable
finds,Unavailable
chair,Unavailable
carry,Unavailable
blade,Unavailable
flash,Unavailable
pilot,Unavailable
cover,Unavailable
total,Unavailable
crowd,Unavailable
plane,Unavailable
steps,Unavailable
yards,Unavailable
learn,Unavailable
mafia,Unavailable
ahead,Unavailable
paper,Unavailable
gives,Unavailable
broke,Unavailable
soshi,Available
local,Unavailable
wrong,Unavailable
stuck,Unavailable
group,Unavailable
burst,Unavailable
lived,Unavailable
brain,Unavailable
keeps,Unavailable
forth,Unavailable
feels,Unavailable
eight,Unavailable
swung,Unavailable
shock,Unavailable
fifty,Unavailable
aimed,Unavailable
altar,Unavailable
royal,Unavailable
track,Unavailable
brief,Unavailable
radio,Unavailable
spend,Unavailable
walks,Unavailable
noise,Unavailable
sharp,Unavailable
sorry,Unavailable
earth,Unavailable
scene,Unavailable
mouth,Unavailable
pagan,Unavailable
music,Unavailable
crash,Unavailable
catch,Unavailable
robot,Unavailable
ready,Unavailable
fired,Unavailable
thank,Unavailable
lying,Unavailable
smoke,Unavailable
faint,Unavailable
block,Unavailable
death,Unavailable
happy,Unavailable
works,Unavailable
bruce,Unavailable
gonna,Unavailable
board,Unavailable
solid,Unavailable
loose,Unavailable
signs,Unavailable
cross,Unavailable
visor,Unavailable
color,Unavailable
women,Unavailable
smile,Unavailable
codes,Unavailable
lives,Unavailable
fully,Unavailable
hotel,Unavailable
fight,Unavailable
touch,Unavailable
doubt,Unavailable
bunch,Unavailable
cargo,Unavailable
smart,Unavailable
drawn,Unavailable
names,Unavailable
quiet,Unavailable
photo,Unavailable
tower,Unavailable
sight,Unavailable
items,Unavailable
books,Unavailable
typed,Unavailable
naked,Unavailable
eager,Unavailable
shape,Unavailable
threw,Unavailable
dying,Unavailable
extra,Unavailable
share,Unavailable
lower,Unavailable
smell,Unavailable
grown,Unavailable
shall,Unavailable
seven,Unavailable
ended,Unavailable
ships,Unavailable
sushi,Unavailable
aware,Unavailable
loved,Unavailable
dance,Unavailable
hoped,Unavailable
laser,Unavailable
smith,Unavailable
shoot,Unavailable
clean,Unavailable
avoid,Unavailable
throw,Unavailable
proof,Unavailable
ludus,Unavailable
needs,Unavailable
cheap,Unavailable
hears,Unavailable
users,Unavailable
visit,Unavailable
armed,Unavailable
waved,Unavailable
truly,Unavailable
drove,Unavailable
weeks,Unavailable
ghost,Unavailable
added,Unavailable
movie,Unavailable
worth,Unavailable
bible,Unavailable
study,Unavailable
chief,Unavailable
gates,Unavailable
holds,Unavailable
split,Unavailable
picks,Unavailable
tells,Unavailable
tight,Unavailable
begin,Unavailable
cloud,Unavailable
parts,Unavailable
false,Unavailable
kinds,Unavailable
stack,Unavailable
broad,Unavailable
chain,Unavailable
media,Unavailable
lined,Available
fresh,Unavailable
plank,Unavailable
wound,Unavailable
train,Unavailable
panel,Unavailable
tired,Unavailable
plans,Unavailable
surge,Unavailable
james,Unavailable
rooms,Unavailable
joust,Unavailable
build,Unavailable
tries,Unavailable
lucky,Unavailable
stock,Unavailable
radar,Unavailable
claim,Unavailable
offer,Unavailable
class,Unavailable
flesh,Unavailable
brown,Unavailable
angry,Unavailable
allow,Unavailable
heads,Unavailable
raced,Unavailable
honor,Unavailable
faded,Unavailable
notes,Unavailable
atari,Unavailable
tires,Unavailable
model,Unavailable
blast,Unavailable
frame,Unavailable
fixed,Unavailable
snaps,Unavailable
owned,Unavailable
usual,Unavailable
serve,Unavailable
grabs,Unavailable
child,Unavailable
babel,Unavailable
alarm,Unavailable
knife,Unavailable
coded,Unavailable
marie,Unavailable
ogden,Unavailable
stops,Unavailable
prime,Unavailable
plain,Unavailable
faced,Unavailable
wheel,Unavailable
strip,Unavailable
based,Unavailable
chest,Unavailable
stars,Unavailable
drops,Unavailable
knees,Unavailable
audio,Unavailable
sleep,Unavailable
boats,Unavailable
refus,Available
opens,Unavailable
liked,Unavailable
hopes,Error
trees,Unavailable
cable,Unavailable
knelt,Unavailable
leans,Unavailable
likes,Unavailable
rules,Unavailable
ought,Unavailable
press,Unavailable
prove,Unavailable
bound,Unavailable
lobby,Unavailable
blown,Unavailable
faces,Unavailable
calls,Unavailable
sweet,Unavailable
range,Unavailable
older,Unavailable
focus,Unavailable
title,Unavailable
stare,Unavailable
asian,Unavailable
armor,Unavailable
dirty,Unavailable
wiped,Unavailable
chuck,Unavailable
verse,Unavailable
twice,Unavailable
basic,Unavailable
stick,Unavailable
stark,Unavailable
ocean,Unavailable
cause,Unavailable
worry,Unavailable
brass,Unavailable
chill,Unavailable
steal,Unavailable
booth,Unavailable
shift,Unavailable
saved,Unavailable
vault,Unavailable
eerie,Unavailable
faith,Unavailable
abort,Unavailable
shows,Unavailable
waves,Unavailable
chaos,Unavailable
loses,Unavailable
worse,Unavailable
outer,Unavailable
sixty,Unavailable
aside,Unavailable
jumps,Unavailable
steam,Unavailable
santa,Unavailable
swept,Unavailable
roman,Unavailable
latin,Unavailable
spain,Unavailable
today,Unavailable
comic,Unavailable
daily,Unavailable
files,Unavailable
clans,Unavailable
array,Unavailable
bimbo,Unavailable
worst,Unavailable
proud,Unavailable
raise,Unavailable
shake,Unavailable
state,Unavailable
boxes,Unavailable
trail,Unavailable
meter,Unavailable
whips,Unavailable
swing,Unavailable
teeth,Unavailable
laugh,Unavailable
falls,Unavailable
trash,Unavailable
crack,Unavailable
guest,Unavailable
favor,Unavailable
birth,Unavailable
slide,Unavailable
forty,Unavailable
shaft,Unavailable
hated,Unavailable
muted,Unavailable
tenth,Unavailable
inner,Unavailable
prize,Unavailable
rolls,Unavailable
apart,Unavailable
nasty,Unavailable
intel,Unavailable
entry,Unavailable
solve,Unavailable
plate,Unavailable
upper,Unavailable
waste,Unavailable
climb,Unavailable
awake,Unavailable
isaac,Unavailable
skull,Unavailable
salle,Unavailable
orbit,Unavailable
jerks,Unavailable
pages,Unavailable
alert,Unavailable
globe,Unavailable
yacht,Unavailable
dream,Unavailable
crude,Unavailable
sides,Unavailable
shoes,Unavailable
fruit,Unavailable
chose,Unavailable
month,Unavailable
match,Unavailable
blank,Unavailable
alley,Unavailable
newly,Unavailable
bowed,Available
leapt,Available
peter,Unavailable
clock,Unavailable
fires,Unavailable
route,Unavailable
devil,Unavailable
vinyl,Unavailable
hatch,Unavailable
round,Unavailable
sheet,Unavailable
spare,Unavailable
fence,Unavailable
stole,Unavailable
bulky,Unavailable
clues,Unavailable
suite,Unavailable
draws,Unavailable
alien,Unavailable
suits,Unavailable
edges,Unavailable
trace,Unavailable
stats,Unavailable
dials,Available
sweat,Unavailable
dimly,Available
rocks,Unavailable
stage,Unavailable
ideas,Unavailable
blond,Unavailable
viral,Unavailable
crush,Unavailable
phase,Unavailable
panic,Unavailable
tiger,Unavailable
reset,Unavailable
vespa,Unavailable
exist,Unavailable
cried,Unavailable
shown,Unavailable
owner,Unavailable
tears,Unavailable
leads,Unavailable
units,Unavailable
rifle,Unavailable
alive,Unavailable
trick,Unavailable
rides,Unavailable
slick,Unavailable
flame,Unavailable
stays,Unavailable
backs,Unavailable
moves,Unavailable
upset,Unavailable
loves,Unavailable
beach,Unavailable
shell,Unavailable
apple,Unavailable
fleet,Unavailable
stall,Unavailable
minds,Unavailable
enjoy,Unavailable
index,Unavailable
error,Unavailable
crime,Unavailable
erase,Unavailable
tweed,Unavailable
abbey,Unavailable
layer,Unavailable
bryce,Unavailable
chips,Unavailable
flies,Unavailable
reads,Unavailable
frank,Unavailable
party,Unavailable
zones,Unavailable
crisp,Unavailable
cards,Unavailable
pulse,Unavailable
agree,Unavailable
hauls,Available
tubes,Unavailable
hurry,Unavailable
rapid,Unavailable
apply,Unavailable
greek,Unavailable
belly,Unavailable
noted,Unavailable
count,Unavailable
quote,Unavailable
bombs,Unavailable
drink,Unavailable
freon,Unavailable
nurse,Unavailable
novel,Unavailable
staff,Unavailable
queue,Unavailable
slept,Unavailable
issue,Unavailable
boots,Unavailable
equal,Unavailable
elite,Unavailable
harsh,Unavailable
hangs,Unavailable
clint,Unavailable
weird,Unavailable
poons,Unavailable
parks,Unavailable
scary,Unavailable
girls,Unavailable
talks,Unavailable
react,Unavailable
crown,Unavailable
aisle,Unavailable
solar,Unavailable
pants,Unavailable
legal,Unavailable
tests,Unavailable
weary,Unavailable
rotor,Unavailable
chick,Unavailable
patch,Unavailable
pitch,Unavailable
aleut,Available
queen,Unavailable
begun,Unavailable
fifth,Unavailable
grasp,Unavailable
price,Unavailable
enemy,Unavailable
silly,Unavailable
plush,Unavailable
froze,Unavailable
union,Unavailable
grave,Unavailable
slots,Unavailable
fancy,Unavailable
wrist,Unavailable
fears,Unavailable
ledge,Unavailable
glint,Unavailable
latch,Unavailable
yanks,Unavailable
japan,Unavailable
loglo,Available
traps,Unavailable
terms,Unavailable
jeeks,Available
event,Unavailable
value,Unavailable
lands,Unavailable
gotta,Unavailable
oddly,Unavailable
wings,Unavailable
piled,Unavailable
blows,Unavailable
glare,Unavailable
thumb,Unavailable
palms,Unavailable
sworn,Unavailable
hired,Unavailable
stern,Unavailable
badly,Unavailable
ebgoc,Available
razor,Unavailable
myths,Unavailable
lunch,Unavailable
swore,Unavailable
mount,Unavailable
mouse,Unavailable
rough,Unavailable
bogus,Unavailable
awoke,Unavailable
vowed,Available
snoop,Unavailable
khaki,Unavailable
obese,Unavailable
spell,Unavailable
anger,Unavailable
paced,Available
stake,Unavailable
admit,Unavailable
denon,Unavailable
store,Unavailable
diary,Unavailable
glove,Unavailable
roads,Unavailable
fiery,Unavailable
squat,Unavailable
lanes,Unavailable
tmawh,Available
slams,Unavailable
slope,Unavailable
slaps,Unavailable
shiny,Unavailable
scans,Unavailable
crips,Unavailable
chunk,Unavailable
fluid,Unavailable
bucks,Unavailable
marks,Unavailable
kicks,Unavailable
decor,Unavailable
grass,Unavailable
drank,Unavailable
locks,Unavailable
crazy,Unavailable
refer,Unavailable
wayne,Unavailable
jeans,Unavailable
rocky,Unavailable
wider,Unavailable
steep,Unavailable
hairs,Unavailable
angle,Unavailable
lifts,Unavailable
banks,Unavailable
choir,Unavailable
coast,Unavailable
smash,Unavailable
ruled,Unavailable
prior,Unavailable
nuked,Unavailable
woods,Unavailable
holes,Unavailable
minor,Unavailable
scott,Unavailable
beast,Unavailable
dusty,Unavailable
pride,Unavailable
mixed,Unavailable
rigid,Unavailable
towne,Unavailable
cabin,Unavailable
shone,Unavailable
shirt,Unavailable
utter,Unavailable
bolts,Unavailable
chime,Unavailable
swear,Unavailable
pause,Unavailable
megan,Unavailable
lynch,Unavailable
trade,Unavailable
wired,Unavailable
skate,Unavailable
print,Unavailable
kings,Unavailable
smear,Unavailable
screw,Unavailable
songs,Unavailable
balls,Unavailable
smoky,Unavailable
sweep,Unavailable
plant,Unavailable
shots,Unavailable
sucks,Unavailable
brand,Unavailable
flick,Unavailable
peace,Unavailable
trunk,Unavailable
kills,Unavailable
dives,Unavailable
porch,Unavailable
foyer,Unavailable
bones,Unavailable
disks,Available
blunt,Unavailable
sends,Unavailable
wires,Unavailable
rings,Unavailable
bonus,Unavailable
spear,Unavailable
coins,Unavailable
seats,Unavailable
wraps,Unavailable
motor,Unavailable
eridu,Available
dried,Unavailable
greet,Unavailable
civil,Unavailable
crawl,Unavailable
dense,Unavailable
scrap,Unavailable
plaza,Unavailable
guilt,Unavailable
ruins,Unavailable
grant,Unavailable
venus,Unavailable
horns,Unavailable
posed,Available
wrath,Unavailable
films,Unavailable
patio,Unavailable
alice,Unavailable
deals,Unavailable
farms,Unavailable
argue,Unavailable
folds,Available
limit,Unavailable
wears,Available
fuzzy,Unavailable
skill,Unavailable
logos,Unavailable
probe,Unavailable
horse,Unavailable
judge,Unavailable
types,Unavailable
shelf,Unavailable
yours,Unavailable
rusty,Unavailable
thigh,Unavailable
asses,Unavailable
facts,Unavailable
views,Unavailable
hunks,Unavailable
dazed,Unavailable
shove,Unavailable
feeds,Unavailable
bundy,Unavailable
carts,Unavailable
waits,Unavailable
torso,Unavailable
tokyo,Unavailable
grins,Unavailable
rises,Unavailable
bends,Unavailable
cigar,Unavailable
hates,Unavailable
hover,Unavailable
storm,Unavailable
urban,Unavailable
handy,Unavailable
stiff,Unavailable
tough,Unavailable
humor,Unavailable
louis,Unavailable
spins,Unavailable
sumer,Unavailable
paint,Unavailable
ninth,Unavailable
label,Unavailable
bagos,Available
waist,Unavailable
pumps,Unavailable
alter,Unavailable
btdus,Available
bread,Unavailable
trokk,Available
seize,Unavailable
gurov,Available
juice,Unavailable
bells,Unavailable
blind,Unavailable
tying,Available
swarm,Unavailable
sales,Unavailable
brick,Unavailable
papal,Unavailable
twist,Unavailable
marry,Unavailable
cruel,Unavailable
manor,Unavailable
hazel,Unavailable
court,Unavailable
reply,Unavailable
taped,Available
olive,Unavailable
shame,Unavailable
fault,Unavailable
habit,Unavailable
souls,Unavailable
fists,Unavailable
dealt,Unavailable
topic,Unavailable
theme,Unavailable
swiss,Unavailable
bonds,Unavailable
crate,Unavailable
icons,Unavailable
crypt,Unavailable
dough,Unavailable
simon,Unavailable
anime,Unavailable
posts,Unavailable
moron,Unavailable
album,Unavailable
click,Unavailable
logic,Unavailable
darts,Unavailable
guide,Unavailable
knock,Unavailable
ninja,Unavailable
toxic,Unavailable
heaps,Unavailable
jumbo,Unavailable
flush,Unavailable
hairy,Unavailable
freed,Unavailable
brake,Unavailable
couch,Unavailable
ports,Unavailable
spray,Unavailable
slows,Available
funny,Unavailable
realm,Unavailable
torah,Unavailable
slice,Unavailable
folks,Unavailable
nerve,Unavailable
drags,Unavailable
heels,Unavailable
whale,Unavailable
coach,Unavailable
roots,Unavailable
raked,Unavailable
flips,Unavailable
skirt,Unavailable
river,Unavailable
polar,Unavailable
sized,Unavailable
filed,Unavailable
skies,Unavailable
shade,Unavailable
nails,Unavailable
super,Unavailable
flown,Unavailable
spine,Unavailable
clips,Unavailable
arrow,Unavailable
gross,Unavailable
sneak,Unavailable
dated,Unavailable
areas,Unavailable
vines,Unavailable
winds,Unavailable
bunny,Unavailable
chase,Unavailable
scope,Unavailable
taste,Unavailable
angel,Unavailable
rests,Unavailable
cells,Unavailable
cycle,Unavailable
semen,Unavailable
fatal,Unavailable
cases,Unavailable
spill,Unavailable
prick,Unavailable
halls,Unavailable
trips,Unavailable
craft,Unavailable
prone,Unavailable
gauge,Unavailable
ratio,Unavailable
helps,Unavailable
lover,Unavailable
murky,Unavailable
scent,Unavailable
hills,Unavailable
tanks,Unavailable
grain,Unavailable
cheer,Unavailable
modem,Unavailable
irony,Unavailable
eased,Unavailable
crept,Unavailable
flaws,Unavailable
gaped,Unavailable
demon,Unavailable
tarot,Unavailable
draft,Unavailable
divan,Unavailable
cloak,Unavailable
jonas,Unavailable
gamos,Available
kinda,Unavailable
monty,Unavailable
homes,Unavailable
arena,Unavailable
nolan,Unavailable
droid,Unavailable
mechs,Available
tommy,Unavailable
moral,Unavailable
liner,Unavailable
punks,Unavailable
march,Unavailable
fiber,Unavailable
flank,Unavailable
xerox,Unavailable
fills,Unavailable
hurts,Unavailable
bleak,Unavailable
beats,Unavailable
stray,Unavailable
reels,Unavailable
ducks,Unavailable
india,Unavailable
ebony,Unavailable
flood,Unavailable
skids,Unavailable
merge,Unavailable
vapor,Unavailable
drugs,Unavailable
shack,Unavailable
geeky,Unavailable
burnt,Unavailable
skins,Unavailable
tinge,Unavailable
optic,Unavailable
tends,Available
teach,Unavailable
clink,Unavailable
taxis,Unavailable
paces,Available
cuffs,Unavailable
claws,Unavailable
china,Unavailable
vanes,Unavailable
hutch,Unavailable
jacks,Unavailable
peels,Unavailable
awful,Unavailable
costs,Unavailable
verge,Unavailable
exits,Unavailable
hooks,Unavailable
pouch,Unavailable
token,Unavailable
plume,Unavailable
input,Unavailable
sleek,Unavailable
jasie,Available
relax,Unavailable
bills,Unavailable
cares,Unavailable
grunt,Unavailable
links,Unavailable
dudes,Unavailable
safer,Unavailable
creep,Unavailable
beers,Unavailable
throb,Unavailable
blaze,Unavailable
style,Unavailable
organ,Unavailable
egypt,Unavailable
vomit,Unavailable
saint,Unavailable
purge,Unavailable
sperm,Unavailable
piles,Unavailable
pinky,Unavailable
nodes,Unavailable
joint,Unavailable
trial,Unavailable
camps,Unavailable
vodka,Unavailable
drain,Unavailable
robes,Unavailable
faked,Unavailable
ropes,Unavailable
brush,Unavailable
idiot,Unavailable
pokes,Available
linen,Unavailable
usher,Unavailable
sixth,Unavailable
socks,Unavailable
limbs,Unavailable
slits,Available
gazes,Available
clerk,Unavailable
pored,Available
firms,Unavailable
lanky,Unavailable
domed,Unavailable
dared,Available
funds,Unavailable
brute,Unavailable
alias,Unavailable
salud,Unavailable
mound,Unavailable
klaus,Unavailable
urged,Unavailable
bench,Unavailable
snack,Unavailable
grove,Unavailable
elbow,Unavailable
tiled,Available
wisps,Unavailable
sting,Unavailable
pious,Unavailable
ranks,Unavailable
slain,Unavailable
spied,Unavailable
amass,Unavailable
famed,Unavailable
rural,Unavailable
cheat,Unavailable
notre,Unavailable
tiles,Unavailable
gruff,Unavailable
noble,Unavailable
cliff,Unavailable
hunts,Unavailable
voted,Unavailable
aired,Unavailable
aloud,Unavailable
annex,Unavailable
ashes,Unavailable
flask,Unavailable
bluff,Unavailable
bacon,Unavailable
milky,Unavailable
debug,Unavailable
paths,Unavailable
piped,Unavailable
drums,Unavailable
texas,Unavailable
bribe,Unavailable
honed,Unavailable
stout,Unavailable
tread,Unavailable
crest,Unavailable
trite,Unavailable
pipes,Unavailable
boost,Unavailable
hunch,Unavailable
zooms,Unavailable
wispy,Available
delta,Unavailable
matte,Unavailable
risks,Unavailable
chili,Unavailable
peers,Unavailable
towns,Unavailable
grows,Unavailable
acted,Unavailable
cared,Unavailable
kendo,Unavailable
wakes,Unavailable
bytes,Unavailable
krill,Unavailable
hence,Unavailable
salty,Unavailable
polio,Unavailable
barks,Unavailable
freak,Unavailable
stove,Unavailable
eaten,Unavailable
brook,Unavailable
acrid,Unavailable
tapes,Unavailable
dinky,Unavailable
spits,Unavailable
lapel,Unavailable
veers,Unavailable
stomp,Unavailable
adopt,Unavailable
pains,Unavailable
waxed,Unavailable
urine,Unavailable
rider,Unavailable
squad,Unavailable
cease,Unavailable
flows,Unavailable
groin,Unavailable
whiff,Unavailable
nests,Unavailable
pearl,Unavailable
lungs,Unavailable
gases,Unavailable
towel,Unavailable
embed,Unavailable
muddy,Unavailable
snake,Unavailable
wacky,Unavailable
tunes,Unavailable
pudgy,Unavailable
niche,Unavailable
vials,Unavailable
laced,Unavailable
minus,Unavailable
imply,Unavailable
baked,Unavailable
dates,Unavailable
basis,Unavailable
forms,Unavailable
ample,Unavailable
bears,Unavailable
canal,Unavailable
deity,Unavailable
paved,Unavailable
tasks,Unavailable
inert,Unavailable
ramps,Unavailable
agile,Unavailable
usage,Unavailable
techs,Unavailable
veins,Unavailable
swath,Available
cream,Unavailable
flags,Unavailable
tales,Unavailable
glued,Available
buddy,Unavailable
bored,Unavailable
grate,Unavailable
tuned,Unavailable
maria,Unavailable
fades,Unavailable
ferry,Unavailable
notch,Unavailable
livio,Unavailable
baggy,Unavailable
blend,Unavailable
tense,Unavailable
float,Unavailable
bitch,Unavailable
punch,Unavailable
blink,Unavailable
plugs,Unavailable
heave,Unavailable
barge,Unavailable
spawn,Unavailable
cries,Unavailable
hosts,Unavailable
perks,Unavailable
slack,Unavailable
sheer,Unavailable
loyal,Unavailable
apron,Unavailable
soles,Unavailable
sandy,Unavailable
kneel,Unavailable
steve,Unavailable
blame,Unavailable
sedan,Available
mused,Unavailable
stunt,Unavailable
graph,Unavailable
carte,Unavailable
opted,Unavailable
lotus,Unavailable
cooed,Available
petty,Unavailable
calle,Unavailable
curse,Unavailable
beard,Unavailable
limbo,Unavailable
asset,Unavailable
ipsos,Unavailable
cloth,Unavailable
spike,Unavailable
caged,Unavailable
clubs,Unavailable
sugar,Unavailable
risen,Unavailable
dizzy,Unavailable
drone,Unavailable
rungs,Available
naive,Unavailable
lists,Unavailable
siren,Unavailable
pager,Unavailable
gated,Unavailable
ankle,Unavailable
inane,Unavailable
barbs,Unavailable
shave,Unavailable
opera,Unavailable
texts,Unavailable
acres,Unavailable
aging,Unavailable
shred,Unavailable
etats,Available
privy,Unavailable
dread,Unavailable
slash,Unavailable
masks,Unavailable
amber,Unavailable
goods,Unavailable
tribe,Unavailable
ideal,Unavailable
sarah,Unavailable
canon,Unavailable
loser,Unavailable
ivory,Unavailable
inlay,Unavailable
rover,Unavailable
torch,Unavailable
vowel,Unavailable
frees,Unavailable
rites,Unavailable
shaky,Unavailable
glory,Unavailable
rainy,Unavailable
awash,Unavailable
tombs,Unavailable
cline,Unavailable
login,Unavailable
malls,Unavailable
wreck,Unavailable
jones,Unavailable
terry,Unavailable
solos,Unavailable
atlas,Unavailable
stoic,Unavailable
howie,Unavailable
remix,Unavailable
grief,Unavailable
watts,Unavailable
timer,Unavailable
admin,Unavailable
hedge,Unavailable
stale,Unavailable
pound,Unavailable
vista,Unavailable
frisk,Unavailable
grips,Unavailable
labia,Unavailable
curve,Unavailable
pools,Unavailable
furry,Unavailable
adult,Unavailable
surfs,Unavailable
meaty,Unavailable
acura,Unavailable
turbo,Unavailable
acute,Unavailable
sells,Unavailable
badge,Unavailable
tilts,Unavailable
perky,Unavailable
eensy,Available
dixie,Unavailable
fetid,Available
fumes,Unavailable
jimmy,Unavailable
actor,Unavailable
batch,Unavailable
busts,Unavailable
mercy,Unavailable
slips,Unavailable
crank,Unavailable
width,Unavailable
beams,Unavailable
aback,Unavailable
pixel,Unavailable
disco,Unavailable
midst,Unavailable
mondo,Unavailable
beads,Unavailable
hacks,Unavailable
feral,Unavailable
melts,Available
emits,Unavailable
olden,Unavailable
shine,Unavailable
idiom,Unavailable
fails,Unavailable
texan,Unavailable
youth,Unavailable
ruddy,Unavailable
renew,Unavailable
crete,Unavailable
gaunt,Unavailable
flung,Unavailable
biker,Unavailable
weeds,Unavailable
swirl,Unavailable
grads,Available
nylon,Unavailable
grade,Unavailable
abuse,Unavailable
tones,Unavailable
latex,Unavailable
sewer,Unavailable
sighs,Available
roast,Unavailable
males,Unavailable
roars,Unavailable
plays,Unavailable
aloft,Unavailable
rebar,Unavailable
motto,Unavailable
pries,Available
butts,Unavailable
beeps,Unavailable
thuds,Available
birds,Unavailable
serum,Unavailable
atoms,Unavailable
cults,Unavailable
lasts,Available
horny,Unavailable
totem,Unavailable
hints,Unavailable
villa,Unavailable
stair,Unavailable
teeny,Unavailable
banal,Unavailable
shuts,Available
booby,Unavailable
ultra,Unavailable
piers,Unavailable
halos,Unavailable
looms,Available
ozone,Unavailable
abyss,Unavailable
maier,Unavailable
funky,Unavailable
helix,Unavailable
merit,Unavailable
sinks,Unavailable
desks,Unavailable
sheds,Unavailable
towed,Available
lurid,Available
eases,Unavailable
spots,Unavailable
specs,Unavailable
volts,Unavailable
belts,Unavailable
skims,Unavailable
rabid,Unavailable
coils,Unavailable
marla,Unavailable
hefty,Unavailable
saves,Unavailable
panes,Available
wanna,Unavailable
thump,Unavailable
sizes,Unavailable
crook,Unavailable
kayak,Unavailable
goals,Unavailable
hosed,Available
guise,Unavailable
sneer,Unavailable
regum,Available
fairy,Unavailable
rival,Unavailable
scare,Unavailable
shark,Unavailable
whine,Unavailable
packs,Unavailable
swims,Unavailable
swell,Unavailable
timed,Unavailable
drill,Unavailable
relay,Unavailable
untie,Unavailable
foggy,Unavailable
domes,Unavailable
clasp,Unavailable
pours,Unavailable
delay,Unavailable
sorts,Unavailable
mayor,Unavailable
cubes,Unavailable
tails,Unavailable
depth,Unavailable
sasha,Unavailable
spoil,Unavailable
lucid,Unavailable
leaps,Unavailable
volvo,Unavailable
soapy,Unavailable
treat,Unavailable
quart,Unavailable
zeros,Unavailable
kanji,Unavailable
risky,Unavailable
joked,Unavailable
clout,Unavailable
lofty,Unavailable
poked,Unavailable
brink,Unavailable
umami,Unavailable
lemon,Unavailable
flats,Unavailable
haunt,Unavailable
wrung,Available
sadly,Unavailable
drunk,Unavailable
flirt,Unavailable
pried,Available
rican,Unavailable
inept,Unavailable
align,Unavailable
buses,Unavailable
mazes,Unavailable
rerun,Unavailable
unlit,Unavailable
soggy,Unavailable
bulbs,Unavailable
vents,Unavailable
mille,Unavailable
noses,Unavailable
slats,Unavailable
plaid,Unavailable
coups,Unavailable
toyed,Available
agony,Unavailable
scrub,Unavailable
edged,Unavailable
cocky,Unavailable
vague,Unavailable
tempt,Unavailable
stain,Unavailable
wreak,Unavailable
clung,Available
haven,Unavailable
padre,Unavailable
lever,Unavailable
lance,Unavailable
havoc,Unavailable
gears,Unavailable
rebel,Unavailable
alpha,Unavailable
ashen,Unavailable
osaka,Unavailable
april,Unavailable
buffs,Unavailable
knots,Unavailable
pepin,Unavailable
seine,Unavailable
horus,Unavailable
lousy,Unavailable
bieil,Available
grace,Unavailable
straw,Unavailable
cured,Unavailable
ached,Unavailable
salon,Unavailable
wares,Unavailable
petal,Unavailable
slang,Unavailable
uriel,Unavailable
gowns,Unavailable
hello,Unavailable
stash,Unavailable
trove,Unavailable
whims,Unavailable
harry,Unavailable
smirk,Unavailable
tutor,Unavailable
spark,Unavailable
rates,Unavailable
terse,Unavailable
lakes,Unavailable
regal,Unavailable
bushy,Unavailable
bride,Unavailable
whore,Unavailable
waned,Available
fused,Unavailable
baron,Unavailable
monks,Unavailable
codex,Unavailable
doled,Available
astin,Unavailable
misty,Unavailable
arise,Unavailable
onset,Unavailable
henry,Unavailable
sunny,Unavailable
vivid,Unavailable
pleas,Unavailable
cling,Unavailable
relic,Unavailable
gifts,Unavailable
retro,Unavailable
bands,Unavailable
clark,Unavailable
blogs,Unavailable
sloth,Unavailable
claus,Unavailable
dress,Unavailable
noobs,Unavailable
circa,Unavailable
genre,Unavailable
twins,Unavailable
knack,Unavailable
gygax,Available
teams,Unavailable
irked,Unavailable
teens,Unavailable
slung,Available
evade,Unavailable
tandy,Unavailable
mimed,Available
dodge,Unavailable
valid,Unavailable
rhyme,Unavailable
nerds,Unavailable
norad,Unavailable
conan,Unavailable
siege,Unavailable
cyndi,Unavailable
drift,Unavailable
meals,Unavailable
jewel,Unavailable
geeks,Unavailable
tines,Unavailable
falco,Unavailable
bryan,Unavailable
scale,Unavailable
pills,Unavailable
keyed,Unavailable
nukes,Unavailable
troop,Unavailable
incur,Unavailable
glock,Unavailable
manga,Unavailable
strap,Unavailable
imsai,Available
racks,Unavailable
helen,Unavailable
chris,Unavailable
slimy,Unavailable
weave,Unavailable
wafts,Available
odour,Unavailable
ovens,Unavailable
spice,Unavailable
sammy,Unavailable
jelly,Unavailable
marca,Unavailable
honks,Unavailable
bumps,Unavailable
crust,Unavailable
skier,Unavailable
stuka,Available
pedal,Unavailable
glows,Unavailable
puget,Available
beans,Unavailable
trend,Unavailable
broil,Unavailable
vegas,Unavailable
lloyd,Unavailable
taper,Unavailable
plumb,Unavailable
grind,Unavailable
fetal,Unavailable
curbs,Unavailable
pesky,Unavailable
penis,Unavailable
widen,Unavailable
swoop,Unavailable
plows,Unavailable
stalk,Unavailable
frags,Unavailable
snags,Unavailable
sauce,Unavailable
nifty,Unavailable
goopy,Unavailable
annie,Unavailable
curvy,Unavailable
flour,Unavailable
bathe,Unavailable
swoon,Unavailable
lulls,Available
safes,Unavailable
chums,Unavailable
excel,Unavailable
brats,Unavailable
brows,Unavailable
fixes,Unavailable
mitzi,Unavailable
strut,Unavailable
stool,Unavailable
canny,Unavailable
spite,Unavailable
bolus,Available
purse,Unavailable
cubic,Unavailable
snide,Unavailable
wedge,Unavailable
races,Unavailable
boils,Unavailable
lurks,Unavailable
humid,Unavailable
lithe,Unavailable
mayan,Unavailable
trout,Unavailable
gnats,Available
gasps,Available
crepe,Unavailable
peeps,Unavailable
waxer,Available
korea,Unavailable
weber,Unavailable
erect,Unavailable
vibes,Unavailable
axons,Unavailable
perch,Unavailable
glial,Unavailable
chink,Unavailable
wands,Unavailable
paves,Available
speck,Unavailable
jello,Unavailable
ditch,Unavailable
seeks,Available
yearn,Unavailable
didja,Available
dorks,Unavailable
swamp,Unavailable
capos,Available
clots,Available
picky,Unavailable
puppy,Unavailable
outta,Unavailable
annoy,Unavailable
fecal,Available
rehab,Unavailable
paddy,Unavailable
rents,Unavailable
coats,Unavailable
hunan,Unavailable
dulls,Available
yomas,Available
spicy,Unavailable
sails,Unavailable
decaf,Unavailable
semis,Unavailable
diego,Unavailable
motel,Unavailable
pangs,Available
frost,Unavailable
gleam,Unavailable
idles,Unavailable
dries,Unavailable
nouns,Unavailable
amino,Unavailable
spree,Unavailable
grids,Unavailable
elvis,Unavailable
dicey,Unavailable
tinny,Available
boozy,Unavailable
tonga,Unavailable
medes,Available
judea,Unavailable
raves,Unavailable
libya,Unavailable
messy,Unavailable
stele,Available
sodom,Unavailable
enlil,Unavailable
boobs,Unavailable
wagon,Unavailable
axles,Unavailable
snout,Unavailable
rails,Unavailable
genes,Unavailable
dione,Unavailable
hawwa,Available
arose,Unavailable
pedro,Unavailable
runes,Unavailable
sings,Unavailable
smelt,Unavailable
homed,Unavailable
nopal,Unavailable
rangy,Available
curly,Unavailable
blurs,Unavailable
nerdy,Unavailable
wince,Unavailable
bulls,Unavailable
booms,Unavailable
fucks,Unavailable
holed,Available
bendt,Available
ninmu,Available
reeds,Unavailable
crops,Unavailable
unity,Unavailable
creek,Unavailable
norms,Unavailable
bleed,Unavailable
flock,Unavailable
slabs,Unavailable
waltz,Unavailable
yells,Unavailable
emmon,Available
proms,Available
syria,Unavailable
binds,Unavailable
clogs,Unavailable
ensue,Unavailable
panty,Unavailable
memos,Unavailable
wheat,Unavailable
beige,Unavailable
mixes,Unavailable
beefy,Unavailable
manic,Unavailable
hyped,Unavailable
hoods,Unavailable
swigs,Available
kenai,Unavailable
steer,Unavailable
swaps,Unavailable
porky,Unavailable
kikes,Unavailable
scoot,Unavailable
evens,Unavailable
splat,Unavailable
fakes,Unavailable
visas,Unavailable
raped,Unavailable
dents,Available
spook,Unavailable
diane,Unavailable
dames,Unavailable
tatar,Unavailable
cough,Unavailable
ladle,Available
ivans,Unavailable
sober,Unavailable
slate,Unavailable
tromp,Unavailable
chung,Unavailable
venue,Unavailable
tools,Unavailable
fives,Unavailable
spang,Unavailable
merry,Unavailable
krazy,Unavailable
whirl,Unavailable
whirs,Available
gofer,Unavailable
squid,Unavailable
snuff,Unavailable
stabs,Unavailable
seams,Available
folly,Unavailable
snare,Unavailable
chore,Unavailable
floes,Available
vocal,Unavailable
gents,Unavailable
daffy,Unavailable
koran,Unavailable
exert,Unavailable
slugs,Unavailable
popes,Unavailable
borne,Unavailable
woozy,Unavailable
piano,Unavailable
dumps,Unavailable
flaky,Unavailable
burns,Unavailable
doily,Available
smack,Unavailable
crane,Unavailable
graft,Unavailable
thwop,Available
curls,Unavailable
spume,Available
brits,Available
gains,Unavailable
soars,Available
stank,Unavailable
bites,Available
adept,Unavailable
nudes,Unavailable
oaths,Unavailable
satin,Unavailable
gimpy,Available
horst,Unavailable
drips,Unavailable
marco,Unavailable
jaime,Unavailable
bruck,Unavailable
sport,Unavailable
clara,Unavailable
johns,Unavailable
nazis,Unavailable
tidal,Unavailable
spies,Unavailable
eagle,Unavailable
ascii,Unavailable
clash,Unavailable
thorn,Unavailable
harne,Available
josef,Unavailable
moped,Unavailable
blurb,Unavailable
dares,Unavailable
lords,Unavailable
daddy,Unavailable
earns,Unavailable
lucia,Unavailable
phony,Unavailable
fumar,Available
guzzi,Unavailable
seiko,Unavailable
brisk,Unavailable
fumed,Available
heure,Available
brawl,Unavailable
cleft,Available
nasal,Unavailable
swine,Unavailable
breed,Unavailable
seedy,Unavailable
fiend,Unavailable
fined,Unavailable
micro,Unavailable
jerez,Unavailable
nobly,Unavailable
puedo,Unavailable
einen,Available
frail,Unavailable
woken,Unavailable
comma,Unavailable
coyly,Available
silky,Unavailable
gypsy,Unavailable
rocio,Unavailable
honey,Unavailable
saucy,Unavailable
naval,Unavailable
modus,Unavailable
pawed,Available
evils,Unavailable
credo,Unavailable
kinks,Unavailable
scalp,Unavailable
nicer,Unavailable
mommy,Unavailable
stump,Unavailable
judas,Unavailable
roach,Unavailable
sulla,Unavailable
venti,Unavailable
visto,Unavailable
musky,Unavailable
multi,Unavailable
vuelo,Unavailable
pylon,Unavailable
puffy,Unavailable
pubis,Available
maple,Unavailable
swift,Unavailable
ficus,Unavailable
sable,Unavailable
witty,Unavailable
pores,Available
fluke,Unavailable
dived,Available
oozed,Unavailable
flare,Unavailable
blare,Unavailable
farce,Unavailable
allay,Unavailable
estoy,Available
taxed,Unavailable
drown,Unavailable
rinds,Available
poles,Unavailable
wafer,Unavailable
bases,Unavailable
lurch,Unavailable
sooty,Available
glaze,Unavailable
heals,Unavailable
snowy,Unavailable
gauze,Unavailable
sever,Unavailable
drama,Unavailable
fuses,Available
haiku,Unavailable
kyoto,Unavailable
chart,Unavailable
gamma,Unavailable
gaudy,Unavailable
fates,Unavailable
karyn,Unavailable
flyer,Unavailable
acids,Unavailable
heide,Unavailable
brunt,Unavailable
repay,Unavailable
caked,Unavailable
mined,Unavailable
monet,Unavailable
noisy,Unavailable
scorn,Unavailable
ocher,Unavailable
sully,Unavailable
ankhs,Available
thief,Unavailable
aucun,Available
basin,Unavailable
manta,Unavailable
vetra,Available
fewer,Unavailable
stylo,Unavailable
draco,Unavailable
poise,Unavailable
leash,Unavailable
foray,Unavailable
irish,Unavailable
mundo,Unavailable
burly,Unavailable
gibes,Available
unite,Unavailable
hymns,Unavailable
craze,Unavailable
paged,Available
monde,Unavailable
seeds,Unavailable
jocks,Unavailable
hides,Available
essex,Unavailable
witch,Unavailable
lapse,Unavailable
shalt,Available
urges,Unavailable
bulge,Unavailable
chess,Unavailable
orazi,Available
chasm,Unavailable
loped,Available
idled,Unavailable
bosch,Unavailable
quash,Unavailable
rogue,Unavailable
query,Unavailable
lapis,Unavailable
veils,Available
lease,Unavailable
kuala,Unavailable
adorn,Unavailable
balmy,Unavailable
wages,Unavailable
scots,Unavailable
yusuf,Unavailable
alban,Unavailable
fleur,Unavailable
debut,Unavailable
joins,Unavailable
taxes,Unavailable
roomy,Unavailable
aroma,Unavailable
elton,Unavailable
rouse,Unavailable
unify,Unavailable
delle,Available
giver,Unavailable
focal,Unavailable
greal,Available
mossy,Unavailable
grime,Unavailable
fable,Unavailable
steak,Unavailable
flute,Unavailable
prank,Unavailable
epoch,Unavailable
tacit,Unavailable
moods,Unavailable
savor,Unavailable
lured,Available
sects,Unavailable
knoll,Unavailable
isles,Unavailable
bumpy,Unavailable
blush,Unavailable
askew,Unavailable
twine,Unavailable
edits,Unavailable
aptly,Unavailable
rashi,Unavailable
mater,Unavailable
wicca,Unavailable
amuse,Unavailable
gurus,Unavailable
begot,Unavailable
erupt,Unavailable
slunk,Available
fever,Unavailable
heady,Unavailable
satan,Unavailable
joker,Unavailable
newer,Unavailable
fludd,Available
pivot,Unavailable
jolly,Unavailable
boyle,Unavailable
cagey,Unavailable
tiber,Unavailable
doves,Unavailable
scowl,Unavailable
corks,Available
pinch,Unavailable
snuck,Unavailable
giddy,Unavailable
clamp,Unavailable
faxes,Available
laude,Available
paume,Available
limos,Unavailable
grimy,Unavailable
gloom,Unavailable
occur,Unavailable
lawns,Unavailable
toast,Unavailable
opern,Available
croak,Unavailable
lunge,Unavailable
bowls,Unavailable
gusts,Available
dwarf,Unavailable
poker,Unavailable
labor,Unavailable
facet,Unavailable
plead,Unavailable
aglow,Unavailable
knopf,Unavailable
peril,Unavailable
uncut,Unavailable
edgar,Unavailable
mines,Unavailable
ernie,Unavailable
oingo,Available
libby,Unavailable
plops,Available
ryder,Unavailable
wills,Unavailable
robed,Available
hulks,Unavailable
cramp,Unavailable
fuels,Unavailable
stave,Unavailable
dryer,Unavailable
ratty,Unavailable
harpy,Unavailable
fetch,Unavailable
stung,Unavailable
tours,Unavailable
cache,Unavailable
mired,Available
hoses,Unavailable
duran,Unavailable
ikari,Unavailable
gamer,Unavailable
hauer,Available
lamer,Available
cocks,Unavailable
chump,Unavailable
inuit,Unavailable
hitch,Unavailable
liken,Available
glean,Unavailable
verbs,Unavailable
orson,Unavailable
kevin,Unavailable
gobot,Available
hicks,Unavailable
anvil,Unavailable
warez,Unavailable
spoof,Unavailable
glade,Unavailable
sites,Unavailable
sodas,Unavailable
sling,Unavailable
wimpy,Unavailable
craps,Unavailable
bouts,Available
scoop,Unavailable
stork,Unavailable
gloat,Unavailable
axiom,Unavailable
psych,Unavailable
shady,Unavailable
cents,Unavailable
parry,Unavailable
cited,Unavailable
dorky,Unavailable
kmart,Unavailable
basil,Unavailable
award,Unavailable
icbms,Available
gales,Available
spout,Unavailable
bared,Unavailable
dopey,Unavailable
ounce,Unavailable
forum,Unavailable
conga,Unavailable
rumor,Unavailable
kiosk,Unavailable
chewy,Unavailable
tyler,Unavailable
revel,Unavailable
billy,Unavailable
synch,Unavailable
venom,Unavailable
blobs,Unavailable
motes,Unavailable
juicy,Unavailable
melee,Unavailable
achds,Available
valve,Unavailable
pouty,Available
majel,Available
wilma,Unavailable
husky,Unavailable
shout,Unavailable
vital,Unavailable
moons,Unavailable
lyric,Unavailable
riffs,Available
rinse,Unavailable
elect,Unavailable
kaiju,Unavailable
hogan,Unavailable
andre,Unavailable
samba,Unavailable
adams,Unavailable
cadre,Unavailable
brace,Unavailable
troll,Unavailable
xyzzy,Unavailable
pepsi,Unavailable
willy,Unavailable
hoard,Unavailable
reign,Unavailable
clove,Unavailable
wonka,Unavailable
bebop,Unavailable
otaku,Unavailable
hulls,Available
pupil,Unavailable
thong,Unavailable
eldon,Unavailable
sokko,Available
chord,Unavailable
geddy,Unavailable
prose,Unavailable
flyby,Unavailable
alike,Unavailable
macro,Unavailable
alloy,Unavailable
diver,Unavailable
muzak,Unavailable
scour,Unavailable
oreos,Unavailable
tents,Unavailable
swipe,Unavailable
tooth,Unavailable
nancy,Unavailable
owing,Unavailable
menus,Unavailable
runny,Unavailable
boast,Unavailable
salve,Unavailable
inbox,Unavailable
dingy,Available
delve,Unavailable
loads,Unavailable
thunk,Unavailable
kinky,Unavailable
lowly,Unavailable
fools,Unavailable
peaks,Unavailable
setec,Available
jokes,Unavailable
quake,Unavailable
deeds,Unavailable
brave,Unavailable
chant,Unavailable
reins,Available
arced,Unavailable
lions,Unavailable
fried,Unavailable
patsy,Unavailable
uther,Unavailable
snows,Unavailable
carol,Unavailable
poems,Unavailable
shrug,Unavailable
comfy,Unavailable
tonie,Unavailable
reiss,Unavailable
jesse,Unavailable
patty,Unavailable
molly,Unavailable
jacob,Unavailable
